chrom	pos	hap1	hap2
ChrDemo1	1000	A	G
ChrDemo1	1800	A	G
ChrDemo1	2600	A	G
ChrDemo1	3400	A	G
ChrDemo1	4200	A	G
ChrDemo1	5000	A	G
ChrDemo1	5800	A	G
ChrDemo1	6600	A	G
ChrDemo1	7400	A	G
ChrDemo1	8200	A	G
ChrDemo1	11000	A	G
ChrDemo1	11800	A	G
ChrDemo1	12600	A	G
ChrDemo1	13400	A	G
ChrDemo1	14200	A	G
ChrDemo1	15000	A	G
ChrDemo1	15800	A	G
ChrDemo1	16600	A	G
ChrDemo1	17400	A	G
ChrDemo1	18200	A	G
ChrDemo1	21000	A	G
ChrDemo1	21800	A	G
ChrDemo1	22600	A	G
ChrDemo1	23400	A	G
ChrDemo1	24200	A	G
ChrDemo1	25000	A	G
ChrDemo1	25800	A	G
ChrDemo1	26600	A	G
ChrDemo1	27400	A	G
ChrDemo1	28200	A	G
ChrDemo1	31000	A	G
ChrDemo1	31800	A	G
ChrDemo1	32600	A	G
ChrDemo1	33400	A	G
ChrDemo1	34200	A	G
ChrDemo1	35000	A	G
ChrDemo1	35800	A	G
ChrDemo1	36600	A	G
ChrDemo1	37400	A	G
ChrDemo1	38200	A	G
ChrDemo1	41000	A	G
ChrDemo1	41800	A	G
ChrDemo1	42600	A	G
ChrDemo1	43400	A	G
ChrDemo1	44200	A	G
ChrDemo1	45000	A	G
ChrDemo1	45800	A	G
ChrDemo1	46600	A	G
ChrDemo1	47400	A	G
ChrDemo1	48200	A	G
ChrDemo1	51000	A	G
ChrDemo1	51800	A	G
ChrDemo1	52600	A	G
ChrDemo1	53400	A	G
ChrDemo1	54200	A	G
ChrDemo1	55000	A	G
ChrDemo1	55800	A	G
ChrDemo1	56600	A	G
ChrDemo1	57400	A	G
ChrDemo1	58200	A	G
