sample	chrom	pos	base	depth
DemoSperm01	ChrDemo1	1000	A	12
DemoSperm01	ChrDemo1	1800	A	12
DemoSperm01	ChrDemo1	2600	A	12
DemoSperm01	ChrDemo1	3400	A	12
DemoSperm01	ChrDemo1	4200	A	12
DemoSperm01	ChrDemo1	5000	A	12
DemoSperm01	ChrDemo1	5800	A	12
DemoSperm01	ChrDemo1	6600	A	12
DemoSperm01	ChrDemo1	7400	A	12
DemoSperm01	ChrDemo1	8200	A	12
DemoSperm01	ChrDemo1	11000	G	12
DemoSperm01	ChrDemo1	11800	G	12
DemoSperm01	ChrDemo1	12600	A	12
DemoSperm01	ChrDemo1	13400	A	12
DemoSperm01	ChrDemo1	14200	A	12
DemoSperm01	ChrDemo1	15000	A	12
DemoSperm01	ChrDemo1	15800	A	12
DemoSperm01	ChrDemo1	16600	A	12
DemoSperm01	ChrDemo1	17400	A	12
DemoSperm01	ChrDemo1	18200	A	12
DemoSperm01	ChrDemo1	21000	A	12
DemoSperm01	ChrDemo1	21800	A	12
DemoSperm01	ChrDemo1	22600	A	12
DemoSperm01	ChrDemo1	23400	A	12
DemoSperm01	ChrDemo1	24200	A	12
DemoSperm01	ChrDemo1	25000	A	12
DemoSperm01	ChrDemo1	25800	A	12
DemoSperm01	ChrDemo1	26600	A	12
DemoSperm01	ChrDemo1	27400	A	12
DemoSperm01	ChrDemo1	28200	A	12
DemoSperm01	ChrDemo1	31000	G	12
DemoSperm01	ChrDemo1	31800	G	12
DemoSperm01	ChrDemo1	32600	G	12
DemoSperm01	ChrDemo1	33400	G	12
DemoSperm01	ChrDemo1	34200	G	12
DemoSperm01	ChrDemo1	35000	G	12
DemoSperm01	ChrDemo1	35800	G	12
DemoSperm01	ChrDemo1	36600	G	12
DemoSperm01	ChrDemo1	37400	G	12
DemoSperm01	ChrDemo1	38200	G	12
DemoSperm01	ChrDemo1	41000	G	12
DemoSperm01	ChrDemo1	41800	G	12
DemoSperm01	ChrDemo1	42600	G	12
DemoSperm01	ChrDemo1	43400	G	12
DemoSperm01	ChrDemo1	44200	G	12
DemoSperm01	ChrDemo1	45000	G	12
DemoSperm01	ChrDemo1	45800	G	12
DemoSperm01	ChrDemo1	46600	G	12
DemoSperm01	ChrDemo1	47400	G	12
DemoSperm01	ChrDemo1	48200	G	12
DemoSperm01	ChrDemo1	51000	G	12
DemoSperm01	ChrDemo1	51800	G	12
DemoSperm01	ChrDemo1	52600	G	12
DemoSperm01	ChrDemo1	53400	G	12
DemoSperm01	ChrDemo1	54200	G	12
DemoSperm01	ChrDemo1	55000	G	12
DemoSperm01	ChrDemo1	55800	G	12
DemoSperm01	ChrDemo1	56600	G	12
DemoSperm01	ChrDemo1	57400	G	12
DemoSperm01	ChrDemo1	58200	G	12
